[{"Image":"https://drive.google.com/uc?export=view&id=1SjH8Knt2iauDbSfF8ZGJU4RqJbHypYfK","Brand":"Sony"},{"Image":"https://drive.google.com/uc?export=view&id=1s1wyTOP1_eM03Q6G9-TSPiQj5vXWY62B","Brand":"motorola"},{"Image":"https://drive.google.com/uc?export=view&id=10VKpLPndaUvWA0vpnc1KePf39Ban0RWy","Brand":"Doogee"},{"Image":"https://drive.google.com/uc?export=view&id=1TzW39sf6MwTYXA6lOIKTeO-IohZCRjzQ","Brand":"Samsung"},{"Image":"https://drive.google.com/uc?export=view&id=1RV9La8AQKsVb3UONuLZ3StIt6VDzX3WM","Brand":"Vivo"},{"Image":"https://drive.google.com/uc?export=view&id=1CR-ZPAN8Fvr3fpIjUGVPgdQsI-5a0jig","Brand":"Lenovo"},{"Image":"https://drive.google.com/uc?export=view&id=1qaNnaG5gcUIe7jfmem9-fpo_RQk_wZgO","Brand":"Realme"},{"Image":"https://drive.google.com/uc?export=view&id=1bG8oKuackPNl3Arf8otmg7TAzTCYeWJA","Brand":"Oppo"},{"Image":"https://drive.google.com/uc?export=view&id=1b5o9n3-Cz1mGverDroYBL5ZxA2ypBuBw","Brand":"Xiaomi"},{"Image":"https://drive.google.com/uc?export=view&id=1kwjCARHSS8zxf1ZZxIPHiGMeyy-IG07s","Brand":"BLU"},{"Image":"https://drive.google.com/uc?export=view&id=1qEQ9xLorK6IWfq6YzaGMJknBDPfoTaqw","Brand":"oneplus"},{"Image":"https://drive.google.com/uc?export=view&id=1adPTc0DJ22q-2h4wfIJnvdcBcY2rw3t7","Brand":"Nokia"},{"Image":"https://drive.google.com/uc?export=view&id=19zCTTCy7J24b51jxXaTZP_3GFeeQBth3","Brand":"Infinix"},{"Image":"https://drive.google.com/uc?export=view&id=11lvmvKql2-A93clrn4YSgfk_Wigh-cNx","Brand":"Asus"},{"Image":"https://drive.google.com/uc?export=view&id=1RM8Xur4oqOlUQcrQgwoiVovNcmRZ5pMo","Brand":"Tecno"},{"Image":"https://drive.google.com/uc?export=view&id=17c3b74uPBDH8TyG1KaIRDcnaJA3oDXIm","Brand":"Ulefone"},{"Image":"https://drive.google.com/uc?export=view&id=1JTjKHbHuLgLpXIP_hTnRB4Vp1EyWr15z","Brand":"Honor"},{"Image":"https://drive.google.com/uc?export=view&id=15ilqI4fyaZ8PklKDltNZ_gKvdLVs_V3G","Brand":"ZTE"},{"Image":"https://drive.google.com/uc?export=view&id=1L8AixgW0tbaaJYUeGXr24SVlZRTmIRXD","Brand":"Nothing"},{"Image":"https://drive.google.com/uc?export=view&id=1cXC-KghGyh6n5hanfzDNd22nWNwx-ZVa","Brand":"Lava"},{"Image":"https://drive.google.com/uc?export=view&id=1LRfoAyOjjbi0qf_uS1h0NgqNxm7a-_l4","Brand":"Huawei"},{"Image":"https://drive.google.com/uc?export=view&id=1IKU9-qIO1RGgcNzp6rpheIlCNLn359T2","Brand":"Walton"},{"Image":"https://drive.google.com/uc?export=view&id=1fXXakeiBfI6StSkR46LBsjwFMfcwZIga","Brand":"Symphony"},{"Image":"https://drive.google.com/uc?export=view&id=175py50b6RGc4JRhEZaf_uWzDxwmNMmBW","Brand":"HTC"},{"Image":"https://drive.google.com/uc?export=view&id=17L7d3FFKBtmJA4OEAE_b-puWNnYPuRcx","Brand":"TCL"},{"Image":"https://drive.google.com/uc?export=view&id=12ZNqs7kbgWk90gtuYIRGIBKdBSiSC5Np","Brand":"Coolpad"},{"Image":"https://drive.google.com/uc?export=view&id=1MkE1iIrT7K6RD6eL-SqaebC0x3NtNIRL","Brand":"Alcatel"},{"Image":"https://drive.google.com/uc?export=view&id=1Cs2SBJe366zhevHs8SRJyJonOVTWWSYU","Brand":"Google"},{"Image":"https://drive.google.com/uc?export=view&id=1G9qQ7VNygJ1Q9BdQCUetYLTIXv9qp5Ph","Brand":"Itel"},{"Image":"https://drive.google.com/uc?export=view&id=1resVn76ca5yZrJ5EhGrQSC_avTf28lBn","Brand":"Micromax"},{"Image":"https://drive.google.com/uc?export=view&id=1U1dNgrJGA-5bMEStFcQalLRPhEMKdXcn","Brand":"Apple"},{"Image":"https://drive.google.com/uc?export=view&id=107aodPJSuiIwLS4N8b4h2pSNkcGxHJqQ","Brand":"Energizer"},{"Image":"https://drive.google.com/uc?export=view&id=1kNM9oeVQQo6KNYjp22omfQofS7QsBojE","Brand":"Hisense"},{"Image":"https://drive.google.com/uc?export=view&id=1-AH1qab7_AsjMbG36n-utzEryCyrKjxU","Brand":"Gionee"},{"Image":"https://drive.google.com/uc?export=view&id=16cjuT45cZFVfka7FlhoaU0wqedsl-oEY","Brand":"Philips"},{"Image":"https://drive.google.com/uc?export=view&id=1a9q1d-cKrO0tyGkFJEK6GJx343Fm9S0W","Brand":"Maximus"},{"Image":"https://drive.google.com/uc?export=view&id=1AcF90ahgSNPaIekZKg-nF3VHZN1bdlk7","Brand":"Fairphone"},{"Image":"https://drive.google.com/uc?export=view&id=1x-Q_zXgR8pfpq8NlGwYI5OTBFIo47W6T","Brand":"Meizu"},{"Image":"https://drive.google.com/uc?export=view&id=14gknVpzIVZBY9MW61WcUqMzOgLeDrlgM","Brand":"Microsoft"},{"Image":"https://drive.google.com/uc?export=view&id=10e6RUTtNKMVB9K8U7QeMW34e5V6ehc23","Brand":"Cat"},{"Image":"https://drive.google.com/uc?export=view&id=1HPdG5iO605iFrCDYU-PMy8vUbvGqrBq1","Brand":"T-Mobile"},{"Image":"https://drive.google.com/uc?export=view&id=1sf1jiJ4lQ4e5t6MTCUeUQFwXnRxRKyjp","Brand":"Amazon"},{"Image":"https://drive.google.com/uc?export=view&id=1N90l7NOK7Gi5blj8SJRs8MUGcqv2Ke3J","Brand":"Yezz"},{"Image":"https://drive.google.com/uc?export=view&id=1cA1dHLG9CdpZBFyqwPWnHx_pYKaII-8S","Brand":"Carbon"},{"Image":"https://drive.google.com/uc?export=view&id=1wn3EEkxgUoXykJxdbyyj6r_v2vMthAUy","Brand":"LG"},{"Image":"https://drive.google.com/uc?export=view&id=1Jxg4BHuQkWYWzJdxMYTZhKX-4n8jdd6H","Brand":"Wiko"},{"Image":"https://drive.google.com/uc?export=view&id=1aiomDstFEPceAkROApDWJoeVr2VkDRoh","Brand":"UmiDigi"},{"Image":"https://drive.google.com/uc?export=view&id=1f0avrBJ4qjPi8bjfJeHwKz0kbAljIG6t","Brand":"Allview"},{"Image":"https://drive.google.com/uc?export=view&id=16WHY2poyRVHV_WYQtf5sigY_IowIDCvh","Brand":"Sharp"},{"Image":"https://drive.google.com/uc?export=view&id=1uobOePeZI2Qr-R-ZBd4Xm5ZTpH3_NiiT","Brand":"Orange"},{"Image":"https://drive.google.com/uc?export=view&id=1SSDqoe7Il0nljUaOnkenuDoY_5WRyRe4","Brand":"WE"},{"Image":"https://drive.google.com/uc?export=view&id=1wnDY7KGSyWl8wCV-m5A3x0nvY6IHoTJh","Brand":"Panasonic"},{"Image":"https://drive.google.com/uc?export=view&id=1JKd-MQCC07fPgVxWZj_zk40ckjhId07Q","Brand":"Vodafone"},{"Image":"https://drive.google.com/uc?export=view&id=1CVTI5svy4UPyxhDpfg06uXMgjH6-G3XO","Brand":"Archos"},{"Image":"https://drive.google.com/uc?export=view&id=11vKgk8HrnGal4xFQTyKHgQxKnRoje1gb","Brand":"Plum"},{"Image":"https://drive.google.com/uc?export=view&id=1If-4ehq2wYs_1JLmUtVxjnEHUvD9sNGx","Brand":"Kyocera"},{"Image":"https://drive.google.com/uc?export=view&id=13E3KMSa-O2ol9upDMjEZvC4yJxAcMUkZ","Brand":"Razer"},{"Image":"https://drive.google.com/uc?export=view&id=1bvZa-xcK4F4Uvu2s19T9T3xmn9iAFxEw","Brand":"BlackBerry"},{"Image":"https://drive.google.com/uc?export=view&id=197MJVq9Q0lSO_ljD6x88qu9u2i5c7gqN","Brand":"YU"},{"Image":"https://drive.google.com/uc?export=view&id=1I5bUJae9Q3pL_eiLfo02I0z3_Ub2N49K","Brand":"BQ"},{"Image":"https://drive.google.com/uc?export=view&id=1ckuLRgjFX5o4277GzQin9oujgUOMC3Fa","Brand":"Haier"},{"Image":"https://drive.google.com/uc?export=view&id=13VAsEg2hKf5pvaJm2su4eBgK5l5Gq2BJ","Brand":"Acer"},{"Image":"https://drive.google.com/uc?export=view&id=1MWuYB4KraSdRzVK7Bi-h0R0qXOsXPsFR","Brand":"VeryKool"},{"Image":"https://drive.google.com/uc?export=view&id=1_4b6hktA3cpf4ah3SBgRIvsRvXI7s8JF","Brand":"General Mobile"},{"Image":"https://drive.google.com/uc?export=view&id=15aQZcBjQuI0MGbm9RMmr4Kh72Ww6ljEB","Brand":"Blackview"},{"Image":"https://drive.google.com/uc?export=view&id=1ehgacMZ_-UbYWYemCxcnyopx4AN8oNWg","Brand":"Helio"},{"Image":"https://drive.google.com/uc?export=view&id=1lWnz6xMiQwAT3EIO6PsNeE5iKnv0_t4w","Brand":"Yota"},{"Image":"https://drive.google.com/uc?export=view&id=1nXo-BKZnX-oV_uz5HKze5mdMs5FEQC8-","Brand":"Essential"},{"Image":"https://drive.google.com/uc?export=view&id=1vk3zbflJxcAzhWquEPYsmtBMyHsUXliZ","Brand":"Tesla"},{"Image":"https://drive.google.com/uc?export=view&id=163c0UY6cNWj-cvhel4Fnyj9ySGGvfoX5","Brand":"JioPhone"},{"Image":"https://drive.google.com/uc?export=view&id=1rCgHPwO-vjYCyq4XkwSF6iKCrGdRPoJN","Brand":"Benco"},{"Image":"https://drive.google.com/uc?export=view&id=1BofecxX8nY00B1hQiw7e7wVFXmSnrPpH","Brand":"Okapia"},{"Image":"https://drive.google.com/uc?export=view&id=1stlAj3hBcFzKuvYzkmkFU9r1yeD2xSwZ","Brand":"Zelta"},{"Image":"https://drive.google.com/uc?export=view&id=1pHyo6s1h7gRzPjc1GIJrOs2L_Ui0Qj9o","Brand":"Dell"},{"Image":"https://drive.google.com/uc?export=view&id=1V3RixkaeazqeuO44yUqiW5E2EH2-twn6","Brand":"Sony Ericsson"},{"Image":"https://drive.google.com/uc?export=view&id=1NWxysm1CmyK8DmasxZnp-qqkuN5_onq2","Brand":"BlackBerry"},{"Image":"https://drive.google.com/uc?export=view&id=1REew3B9TKFfoDzZjFGZ8h0v6lfx8Hy2T","Brand":"Gigabyte"},{"Image":"https://drive.google.com/uc?export=view&id=1rErtAuvHCL-j4zbj2gNGprJxyNjbQZox","Brand":"Sendo"},{"Image":"https://drive.google.com/uc?export=view&id=1hAA-GTk9IBpMRj5O5XeBY5MGBCH2IG8b","Brand":"Mitsubishi"},{"Image":"https://drive.google.com/uc?export=view&id=1MkE1iIrT7K6RD6eL-SqaebC0x3NtNIRL","Brand":"alcatel"},{"Image":"https://drive.google.com/uc?export=view&id=17jZFLNfblfMWmC6kBLySnSf5moaIqP7b","Brand":"LeEco"},{"Image":"https://drive.google.com/uc?export=view&id=1Nl8HZzU2nDNcPaiXUJjSR89Xv_hEEXLu","Brand":"Icemobile"},{"Image":"https://drive.google.com/uc?export=view&id=1Cj3_e8fUJLFNwyII3JuRe2ObEbjF9HR0","Brand":"XOLO"},{"Image":"https://drive.google.com/uc?export=view&id=1xMunW-H6cLH2mtPpUF6FoEfMV0jAKU1r","Brand":"HP"},{"Image":"https://drive.google.com/uc?export=view&id=16OzqdR01shq5tmV5z9ThBM-N6krBGVPG","Brand":"Spice"},{"Image":"https://drive.google.com/uc?export=view&id=16OzqdR01shq5tmV5z9ThBM-N6krBGVPG","Brand":"i-mobile"},{"Image":"https://drive.google.com/uc?export=view&id=1ZNGBWWj0z4utUqGG5hiC7oNcXJu-NbVK","Brand":"Modu"},{"Image":"https://drive.google.com/uc?export=view&id=1jzYkiUjtMMr0d0Q7puTl8KFgaWI3lOME","Brand":"Pantech"},{"Image":"https://drive.google.com/uc?export=view&id=1X0VqD7FiTeqmBH4kVsXZxKTe39e1ZIJf","Brand":"Palm"},{"Image":"https://drive.google.com/uc?export=view&id=1j-CL667jKuFLnjgFz9TJIldmOyTcZ0au","Brand":"Casio"},{"Image":"https://drive.google.com/uc?export=view&id=1VJEGjRP3CLs8QAMm9woJpBpXVS6DwaOv","Brand":"Sonim"},{"Image":"https://drive.google.com/uc?export=view&id=1r7DyZMFoSr5MM2R9lATCTBKvN1_G7olX","Brand":"Vertu"},{"Image":"https://drive.google.com/uc?export=view&id=1LmdsFPdVXnw1i9zve2Z0XN657bYLCY_g","Brand":"Toshiba"},{"Image":"https://drive.google.com/uc?export=view&id=14xrG3xgt8am7CGWHZ3DvYACa5_7q5uI2","Brand":"Garmin-Asus"},{"Image":"https://drive.google.com/uc?export=view&id=14d9A7owZ54bJMF4ER2iVepCcuMyYNAG6","Brand":"Sagem"},{"Image":"https://drive.google.com/uc?export=view&id=1rl77k4txT-Oq2hi8KCWpbowN5fvuQxNJ","Brand":"iNQ"},{"Image":"https://drive.google.com/uc?export=view&id=123ITlrfVQNiCOmejf2QqrviSk4xqP69_","Brand":"Mitac"},{"Image":"https://drive.google.com/uc?export=view&id=16E_wVYvwgmWvhfS-bk1xRWzDMgeulSFB","Brand":"i-mate"},{"Image":"https://drive.google.com/uc?export=view&id=1A21fHKA9Y_hV4EagDFwQCuE3ro6Dr6PF","Brand":"O2"},{"Image":"https://drive.google.com/uc?export=view&id=1ln8RIN6DmPuMTNKHnwjO9Y6B7SU0tZX6","Brand":"AT&T"},{"Image":"https://drive.google.com/uc?export=view&id=1g8i_D-6hvWn0XYA-OIXU16wiRRw_APF1","Brand":"BenQ"},{"Image":"https://drive.google.com/uc?export=view&id=1Od8x8dp8aZsELt4B5lagle1UkazXM-NU","Brand":"Eten"},{"Image":"https://drive.google.com/uc?export=view&id=1tBN9Fmzx_-GWXygJ8zjPOP-thWlskdtZ","Brand":"VK Mobile"},{"Image":"https://drive.google.com/uc?export=view&id=1VwEIYHMM79uONJcXguPVJ7AujLZdSLu1","Brand":"MWg"},{"Image":"https://drive.google.com/uc?export=view&id=1vScLz39cCHF5bNNtY9fbMFOGSNWI4dcp","Brand":"Amoi"},{"Image":"https://drive.google.com/uc?export=view&id=1TWnujQ9ff1T9Muw0RBVEf4zhiohIxbz8","Brand":"Telit"},{"Image":"https://drive.google.com/uc?export=view&id=1_7rLVsU7HXKHfLevydGNby2AknBiAlcX","Brand":"Bird"},{"Image":"https://drive.google.com/uc?export=view&id=1r9kCbF3rGOG0rx6zMarY7OYf6wX6WV1d","Brand":"NEC"},{"Image":"https://drive.google.com/uc?export=view&id=1eEEZJevr4m1EP1ZXMIzK2B0-Qr1f6uqa","Brand":"XCute"},{"Image":"https://drive.google.com/uc?export=view&id=1iEK9rQdeJZ9vugwHaILcacOWKr5cD-_X","Brand":"Qtek"},{"Image":"https://drive.google.com/uc?export=view&id=1TIXXeb28t-nWkBiGegv4378ENXsnUci2","Brand":"Siemens"},{"Image":"https://drive.google.com/uc?export=view&id=1YhpvIy_k18zpRXC1G5iqNlQkZmo31xGR","Brand":"QMobile"},{"Image":"https://drive.google.com/uc?export=view&id=1KTXkRBHPwQvwV4l2OT2csVfzvJ5nuF4Z","Brand":"Unnecto"},{"Image":"https://drive.google.com/uc?export=view&id=11Ais0-PN4k1s2skeZOKTUcuSqdHXOsRo","Brand":"Jolla"},{"Image":"https://drive.google.com/uc?export=view&id=1csMJW4fLLbOaMQmEqS3GDW9p1u8BQr-q","Brand":"Posh"},{"Image":"https://drive.google.com/uc?export=view&id=1-nwwBCaMOrux49Vf6qqx_AwCMdJ9afTD","Brand":"Ericsson"},{"Image":"https://drive.google.com/uc?export=view&id=1HdyGTUnVB2PQv188VRO8eUvX5zGucBmj","Brand":"Intex"},{"Image":"https://drive.google.com/uc?export=view&id=1DFau5nK6ztvL19hC7phJDz1JyG1fV1Lx","Brand":"Maxwest"},{"Image":"https://drive.google.com/uc?export=view&id=1SGkwEKMKSh0dQwngiBMYeg_xq1kSYGt3","Brand":"NIU"},{"Image":"https://drive.google.com/uc?export=view&id=1iGM6zu0pqSJo01tZlgD3zyLEDCkeRN7h","Brand":"Parla"},{"Image":"https://drive.google.com/uc?export=view&id=14ev58OJHLaV5WsLRrJufEuINvSbEuNvo","Brand":"Nvidia"},{"Image":"https://drive.google.com/uc?export=view&id=1CJX8s8U8OVfeKJfiwRRoDlh2yqzKTRTD","Brand":"Celkon"},{"Image":"https://drive.google.com/uc?export=view&id=1ds-KDAz58dGByhxTRrEfxuqPtlRaui_m","Brand":"Karbonn"},{"Image":"https://drive.google.com/uc?export=view&id=1WxyKtndGZLyaN52aQLJc8bQoUPoR5_TB","Brand":"Prestigio"},{"Image":"https://drive.google.com/uc?export=view&id=1iN15BRgHdNSecuAXMB01_X-HC0lt4wbk","Brand":"Emporia"},{"Image":"https://drive.google.com/uc?export=view&id=1fQNA-iPZTOGBlgTCa2gbputpGyu_UNkT","Brand":"WND"},{"Image":"https://drive.google.com/uc?export=view&id=1AxAkcG9BaNo_51o_kjt4171SDTmQCb2y","Brand":"BenQ-Siemens"},{"Image":"https://drive.google.com/uc?export=view&id=1shumItMjCmuOeZqYRE9BSUGCKwNJcZEa","Brand":"Thuraya"},{"Image":"https://drive.google.com/uc?export=view&id=1ZVXizkQyxHR0kqoLqpBbCjwElnue9q_O","Brand":"Neonode"},{"Image":"https://drive.google.com/uc?export=view&id=1MGsWJ4u2N7Mwv7SwX4I07JgsGQFOAI3e","Brand":"Fujitsu Siemens"},{"Image":"https://drive.google.com/uc?export=view&id=1C8Uobe3IsxUC36VoD7sl5dQwHm1tyVLA","Brand":"Benefon"},{"Image":"https://drive.google.com/uc?export=view&id=1wqO0uBj7kJ-H7E5R67D9Bx8Ucqy_VA4q","Brand":"Innostream"},{"Image":"https://drive.google.com/uc?export=view&id=1uSWT2GFYQNmygYQYcU-DDynOhyAv8tg8","Brand":"Chea"},{"Image":"https://drive.google.com/uc?export=view&id=1ftnOlpm9o1cD9e_pLMdezbgNqS5WbQLr","Brand":"Maxon"},{"Image":"https://drive.google.com/uc?export=view&id=15icWFzoZ2jCBWzrFlZyD7jMFHGPCMpqS","Brand":"Tel.Me."},{"Image":"https://drive.google.com/uc?export=view&id=1wZfwPSshX6SB1iUf5i_lhB0hjxIqbgxz","Brand":"Sewon"},{"Image":"https://drive.google.com/uc?export=view&id=1eqTgUNsXvIykGiCLdmmrP0JLO-6Mybqg","Brand":"Bosch"}]