[{"Brand":"Sony"},{"Brand":"motorola"},{"Brand":"Doogee"},{"Brand":"Samsung"},{"Brand":"Vivo"},{"Brand":"Lenovo"},{"Brand":"Realme"},{"Brand":"Oppo"},{"Brand":"Xiaomi"},{"Brand":"BLU"},{"Brand":"oneplus"},{"Brand":"Nokia"},{"Brand":"Infinix"},{"Brand":"Asus"},{"Brand":"Tecno"},{"Brand":"Ulefone"},{"Brand":"Honor"},{"Brand":"ZTE"},{"Brand":"Nothing"},{"Brand":"Lava"},{"Brand":"Huawei"},{"Brand":"Walton"},{"Brand":"Symphony"},{"Brand":"HTC"},{"Brand":"TCL"},{"Brand":"Coolpad"},{"Brand":"Alcatel"},{"Brand":"Google"},{"Brand":"Itel"},{"Brand":"Micromax"},{"Brand":"Apple"},{"Brand":"Energizer"},{"Brand":"Hisense"},{"Brand":"Gionee"},{"Brand":"Philips"},{"Brand":"Maximus"},{"Brand":"Fairphone"},{"Brand":"Meizu"},{"Brand":"Microsoft"},{"Brand":"Cat"},{"Brand":"T-Mobile"},{"Brand":"Amazon"},{"Brand":"Yezz"},{"Brand":"Carbon"},{"Brand":"LG"},{"Brand":"Wiko"},{"Brand":"UmiDigi"},{"Brand":"Allview"},{"Brand":"Sharp"},{"Brand":"Orange"},{"Brand":"WE"},{"Brand":"Panasonic"},{"Brand":"Vodafone"},{"Brand":"Archos"},{"Brand":"Plum"},{"Brand":"Kyocera"},{"Brand":"Razer"},{"Brand":"BlackBerry"},{"Brand":"YU"},{"Brand":"BQ"},{"Brand":"Haier"},{"Brand":"Acer"},{"Brand":"VeryKool"},{"Brand":"General Mobile"},{"Brand":"Blackview"},{"Brand":"Helio"},{"Brand":"Yota"},{"Brand":"Essential"},{"Brand":"Tesla"},{"Brand":"JioPhone"},{"Brand":"Benco"},{"Brand":"Okapia"},{"Brand":"Zelta"},{"Brand":"Dell"},{"Brand":"Sony Ericsson"},{"Brand":"BlackBerry"},{"Brand":"Gigabyte"},{"Brand":"Sendo"},{"Brand":"Mitsubishi"},{"Brand":"alcatel"},{"Brand":"LeEco"},{"Brand":"Icemobile"},{"Brand":"XOLO"},{"Brand":"HP"},{"Brand":"Spice"},{"Brand":"i-mobile"},{"Brand":"Modu"},{"Brand":"Pantech"},{"Brand":"Palm"},{"Brand":"Casio"},{"Brand":"Sonim"},{"Brand":"Vertu"},{"Brand":"Toshiba"},{"Brand":"Garmin-Asus"},{"Brand":"Sagem"},{"Brand":"iNQ"},{"Brand":"Mitac"},{"Brand":"i-mate"},{"Brand":"O2"},{"Brand":"AT&T"},{"Brand":"BenQ"},{"Brand":"Eten"},{"Brand":"VK Mobile"},{"Brand":"MWg"},{"Brand":"Amoi"},{"Brand":"Telit"},{"Brand":"Bird"},{"Brand":"NEC"},{"Brand":"XCute"},{"Brand":"Qtek"},{"Brand":"Siemens"},{"Brand":"QMobile"},{"Brand":"Unnecto"},{"Brand":"Jolla"},{"Brand":"Posh"},{"Brand":"Ericsson"},{"Brand":"Intex"},{"Brand":"Maxwest"},{"Brand":"NIU"},{"Brand":"Parla"},{"Brand":"Nvidia"},{"Brand":"Celkon"},{"Brand":"Karbonn"},{"Brand":"Prestigio"},{"Brand":"Emporia"},{"Brand":"WND"},{"Brand":"BenQ-Siemens"},{"Brand":"Thuraya"},{"Brand":"Neonode"},{"Brand":"Fujitsu Siemens"},{"Brand":"Benefon"},{"Brand":"Innostream"},{"Brand":"Chea"},{"Brand":"Maxon"},{"Brand":"Tel.Me."},{"Brand":"Sewon"},{"Brand":"Bosch"}]